accuracy,precision,recall,f1,roc_auc
0.495,0.4816326530612245,0.29873417721518986,0.36875,0.47505235192998907
