,logistic_regression,random_forest,xgboost
Accuracy,0.4875,0.5075,0.50875
Precision,0.46938775510204084,0.5014164305949008,0.5028409090909091
Recall,0.2911392405063291,0.4481012658227848,0.4481012658227848
F1,0.359375,0.4732620320855615,0.4738955823293173
ROC-AUC,0.47004531958118456,0.4961243944366307,0.49875605563369274
